Row_id,Year,Plot id,Farm,Harvesting mechanism,Harvesting Type,Speed(ft/sec),Total Fruit,Total Stems,Stem Height(cm),No of Branches,Fruit Gain(gm)
1,2024,B_101,BHF,3,1,0.81,37,31,13.93333333,5.666666667,1584.3333
2,2024,B_101,BHF,3,1,1.62,127,20,10.5,2.666666667,1584.3333
3,2024,B_101,BHF,3,1,2.43,170,38,17.76666667,6.666666667,1584.3333
4,2024,B_102,BHF,3,1,0.68,72,31,20.73333333,7.333333333,3663.3333
5,2024,B_102,BHF,3,1,1.36,132,24,9.433333333,2.666666667,3663.3333
6,2024,B_102,BHF,3,1,2.04,169,33,12.9,9,3663.3333
7,2024,B_103,BHF,3,1,1.07,229,25,8.866666667,7,1631.3333
8,2024,B_103,BHF,3,1,2.14,191,43,16.3,6.666666667,1631.3333
9,2024,B_103,BHF,3,1,3.21,131,48,18.76666667,9,1631.3333
10,2024,B_104,BHF,3,1,1,103,37,20.03333333,9,1023.3333
11,2024,B_104,BHF,3,1,2,123,38,18.33333333,11,1023.3333
12,2024,B_104,BHF,3,1,3,34,28,19.2,8.666666667,1023.3333
13,2024,B_105,BHF,4,0,0.016859345,87,38,15.93333333,7.333333333,4103.3333
14,2024,B_105,BHF,4,0,0.03371869,97,24,15.83333333,11.66666667,4103.3333
15,2024,B_105,BHF,4,0,0.050578035,201,25,14.96666667,8.666666667,4103.3333
16,2024,B_106,BHF,3,1,0.66,69,31,15.3,6,1358.3333
17,2024,B_106,BHF,3,1,1.32,107,31,11.3,2.333333333,1358.3333
18,2024,B_106,BHF,3,1,1.98,78,38,17.93333333,4.666666667,1358.3333
19,2024,B_107,BHF,3,1,0.9,83,45,16.03333333,6,1043.3333
20,2024,B_107,BHF,3,1,1.8,87,39,11.1,3.666666667,1043.3333
21,2024,B_107,BHF,3,1,2.7,75,34,19.3,4.666666667,1043.3333
22,2024,B_108,BHF,4,0,0.012962963,83,36,19.56666667,8,4163.3333
23,2024,B_108,BHF,4,0,0.025925926,124,34,14.4,4.333333333,4163.3333
24,2024,B_108,BHF,4,0,0.038888889,84,44,13.4,5.333333333,4163.3333
25,2024,B_201,BHF,3,1,0.565,139,46,16.83333333,12,2790.3333
26,2024,B_201,BHF,3,1,1.13,247,63,15.2,3.666666667,2790.3333
27,2024,B_201,BHF,3,1,1.695,79,34,14.5,7,2790.3333
28,2024,B_202,BHF,3,1,1.065,94,35,17.33333333,10.66666667,2994.3333
29,2024,B_202,BHF,3,1,2.13,27,27,13,1.666666667,2994.3333
30,2024,B_202,BHF,3,1,3.195,148,13,15.5,7,2994.3333
31,2024,B_203,BHF,3,1,1.43,49,21,12.73333333,2.666666667,919.3333
32,2024,B_203,BHF,3,1,2.145,96,24,14,6,919.3333
33,2024,B_204,BHF,3,1,0.74,41,36,22,10.33333333,2682.3333
34,2024,B_204,BHF,3,1,1.48,98,34,21,4.333333333,2682.3333
35,2024,B_204,BHF,3,1,2.22,124,59,19.63333333,2.333333333,2682.3333
36,2024,B_205,BHF,4,0,0.013534416,33,41,25.16666667,11.33333333,2149.3333
37,2024,B_205,BHF,4,0,0.027068832,108,69,20.06666667,3.666666667,2149.3333
38,2024,B_205,BHF,4,0,0.040603248,87,45,22.33333333,9.333333333,2149.3333
39,2024,B_206,BHF,4,0,0.014610729,43,40,16.5,9.666666667,1883.3333
40,2024,B_206,BHF,4,0,0.029221457,21,57,19.26666667,3.333333333,1883.3333
41,2024,B_206,BHF,4,0,0.043832186,8,25,12.66666667,2.333333333,1883.3333
42,2024,B_207,BHF,3,1,0.975,52,58,19.7,6.333333333,1103.3333
43,2024,B_207,BHF,3,1,1.95,78,71,18.33333333,5,1103.3333
44,2024,B_207,BHF,3,1,2.925,109,53,19.3,6,1103.3333
45,2024,B_208,BHF,3,1,0.78,186,33,22.66666667,7.333333333,1917.3333
46,2024,B_208,BHF,3,1,1.56,124,22,16,5.666666667,1917.3333
47,2024,B_208,BHF,3,1,2.34,32,12,18.86666667,7.666666667,1917.3333
48,2024,B_301,BHF,3,1,0.485,43,12,10.66666667,6.333333333,1930.3333
49,2024,B_301,BHF,3,1,0.97,88,66,16.73333333,4.666666667,1930.3333
50,2024,B_301,BHF,3,1,1.455,60,24,32,4,1930.3333
51,2024,B_302,BHF,3,1,0.99,91,32,19.3,5.333333333,2659.3333
52,2024,B_302,BHF,3,1,1.98,50,57,16.26666667,6,2659.3333
53,2024,B_302,BHF,3,1,2.97,103,17,24.33333333,3,2659.3333
54,2024,B_303,BHF,3,1,0.95,61,23,10,5,2113.3333
55,2024,B_303,BHF,3,1,1.9,121,34,21.5,2.666666667,2113.3333
56,2024,B_303,BHF,3,1,2.85,83,17,21,3.333333333,2113.3333
57,2024,B_304,BHF,4,0,0.019824413,67,44,18,10,3694.3333
58,2024,B_304,BHF,4,0,0.039648825,115,22,23.66666667,6,3694.3333
59,2024,B_304,BHF,4,0,0.059473238,118,21,19,2.333333333,3694.3333
60,2024,B_305,BHF,3,1,0.64,57,35,12.83333333,4.333333333,409.3333
61,2024,B_305,BHF,3,1,1.28,144,49,18.53333333,8,409.3333
62,2024,B_305,BHF,3,1,1.92,89,12,17.33333333,5.333333333,409.3333
63,2024,B_306,BHF,4,0,0.019824413,28,31,15.83333333,7,4304.3333
64,2024,B_306,BHF,4,0,0.039648825,72,44,14.8,5.666666667,4304.3333
65,2024,B_306,BHF,4,0,0.059473238,80,17,17,4.666666667,4304.3333
68,2024,B_307,BHF,3,1,1.545,78,68,18.6,4,1054.3333
69,2024,B_308,BHF,3,1,0.605,70,14,23.33333333,9.333333333,1368.3333
70,2024,B_308,BHF,3,1,1.21,44,42,25.63333333,5,1368.3333
71,2024,B_308,BHF,3,1,1.815,42,23,12.33333333,3.666666667,1368.3333
72,2024,B_401,BHF,3,1,0.675,60,42,23.6,7,2262.3333
73,2024,B_401,BHF,3,1,1.35,75,43,21.26666667,3.666666667,2262.3333
74,2024,B_401,BHF,3,1,2.025,94,45,20.96666667,7.333333333,2262.3333
75,2024,B_402,BHF,3,1,0.98,122,53,20.93333333,9,2385.3333
76,2024,B_402,BHF,3,1,1.96,157,53,15.26666667,9,2385.3333
77,2024,B_402,BHF,3,1,2.94,69,31,10.13333333,3.333333333,2385.3333
78,2024,B_403,BHF,3,1,0.755,110,43,21.06666667,12,3773.3333
79,2024,B_403,BHF,3,1,1.51,122,38,23.86666667,8.333333333,3773.3333
80,2024,B_403,BHF,3,1,2.265,132,47,25.5,8.333333333,3773.3333
81,2024,B_404,BHF,3,1,0.675,122,48,26.96666667,7.666666667,4400.3333
82,2024,B_404,BHF,3,1,1.35,83,42,18.76666667,5,4400.3333
83,2024,B_404,BHF,3,1,2.025,169,35,18.5,9.666666667,4400.3333
84,2024,B_405,BHF,3,1,1.01,72,25,18.13333333,11.66666667,520.3333
85,2024,B_405,BHF,3,1,2.02,70,39,17.76666667,7.333333333,520.3333
86,2024,B_405,BHF,3,1,3.03,70,31,19.36666667,7,520.3333
87,2024,B_406,BHF,4,0,0.021525216,26,22,21.7,9,5284.3333
88,2024,B_406,BHF,4,0,0.043050431,80,32,23.1,12,5284.3333
89,2024,B_406,BHF,4,0,0.064575647,115,25,11.46666667,5.666666667,5284.3333
90,2024,B_407,BHF,4,0,0.012962963,93,29,18.83333333,8.333333333,5415.3333
91,2024,B_407,BHF,4,0,0.025925926,187,57,18.93333333,4,5415.3333
92,2024,B_407,BHF,4,0,0.038888889,86,55,20.5,6.666666667,5415.3333
93,2024,B_408,BHF,3,1,0.645,32,52,24.66666667,7,2137.3333
94,2024,B_408,BHF,3,1,1.29,143,44,11.56666667,4.333333333,2137.3333
95,2024,B_408,BHF,3,1,1.935,64,25,13,8.666666667,2137.3333
96,2024,B_501,BHF,3,1,0.725,96,34,8.333333333,3.666666667,4585.3333
97,2024,B_501,BHF,3,1,1.45,219,48,18.53333333,6.333333333,4585.3333
98,2024,B_501,BHF,3,1,2.175,136,23,24.33333333,8.333333333,4585.3333
99,2024,B_502,BHF,4,0,0.014583334,128,56,12.5,9.666666667,15875.3333
100,2024,B_502,BHF,4,0,0.029166667,150,58,28.16666667,10,15875.3333
101,2024,B_502,BHF,4,0,0.043750001,116,34,22.5,5,15875.3333
102,2024,B_503,BHF,3,1,0.79,105,25,10.33333333,8.333333333,2179.3333
103,2024,B_503,BHF,3,1,1.58,155,26,19.23333333,8.666666667,2179.3333
104,2024,B_503,BHF,3,1,2.37,112,23,15.66666667,10,2179.3333
105,2024,B_504,BHF,4,0,0.013717421,141,37,8.833333333,8.666666667,4598.3333
106,2024,B_504,BHF,4,0,0.027434842,80,38,13.46666667,5.333333333,4598.3333
107,2024,B_504,BHF,4,0,0.041152263,42,23,16.16666667,5.333333333,4598.3333
108,2024,B_505,BHF,3,1,1.04,115,37,12.83333333,6.666666667,1345.3333
109,2024,B_505,BHF,3,1,2.08,184,19,11.83333333,9.333333333,1345.3333
110,2024,B_505,BHF,3,1,3.12,103,15,10.33333333,7.666666667,1345.3333
111,2024,B_506,BHF,3,1,0.99,72,15,9.166666667,6,1257.3333
112,2024,B_506,BHF,3,1,1.98,210,42,13.03333333,5.666666667,1257.3333
113,2024,B_506,BHF,3,1,2.97,122,24,22.66666667,6,1257.3333
115,2024,B_507,BHF,3,1,1.27,11,73,16.86666667,8.666666667,2195.3333
116,2024,B_507,BHF,3,1,1.905,110,22,15.16666667,8,2195.3333
118,2024,B_508,BHF,3,1,1.92,34,21,8.333333333,4.333333333,1089.3333
119,2024,B_508,BHF,3,1,2.88,79,17,20.33333333,8.666666667,1089.3333
120,2024,B_601,BHF,3,1,0.61,91,30,15.26666667,9,1881.3333
121,2024,B_601,BHF,3,1,1.22,62,27,18,6.333333333,1881.3333
122,2024,B_601,BHF,3,1,1.83,16,15,15.5,4.333333333,1881.3333
123,2024,B_602,BHF,4,0,0.022264631,38,22,24.03333333,10.33333333,4753.3333
124,2024,B_602,BHF,4,0,0.044529262,148,34,22.8,20,4753.3333
125,2024,B_602,BHF,4,0,0.066793893,0,19,22.76666667,10,4753.3333
126,2024,B_603,BHF,3,1,1.1,89,46,16.53333333,7.666666667,2404.3333
127,2024,B_603,BHF,3,1,2.2,22,15,9.666666667,1.333333333,2404.3333
128,2024,B_603,BHF,3,1,3.3,155,32,13.73333333,6.666666667,2404.3333
129,2024,B_604,BHF,4,0,0.012962963,157,39,20.93333333,5.333333333,9097.3333
130,2024,B_604,BHF,4,0,0.025925926,164,23,15.93333333,5,9097.3333
131,2024,B_604,BHF,4,0,0.038888889,151,37,19.1,4,9097.3333
132,2024,B_605,BHF,3,1,0.83,118,37,20.13333333,8.666666667,4436.3333
133,2024,B_605,BHF,3,1,1.66,105,46,18.76666667,7.333333333,4436.3333
134,2024,B_605,BHF,3,1,2.49,93,38,22.06666667,6.333333333,4436.3333
135,2024,B_606,BHF,3,1,0.74,101,40,19.6,6,4069.3333
136,2024,B_606,BHF,3,1,1.48,166,28,18.03333333,9.666666667,4069.3333
137,2024,B_606,BHF,3,1,2.22,131,32,22.2,10.33333333,4069.3333
138,2024,B_607,BHF,3,1,0.885,141,33,18.9,5.666666667,2844.3333
139,2024,B_607,BHF,3,1,1.77,261,47,20.2,12,2844.3333
140,2024,B_607,BHF,3,1,2.655,57,35,20.43333333,4.333333333,2844.3333
141,2024,B_608,BHF,3,1,0.925,117,39,16.96666667,7.333333333,1703.3333
142,2024,B_608,BHF,3,1,1.85,45,39,18.26666667,9.333333333,1703.3333
143,2024,B_608,BHF,3,1,2.775,36,30,20.93333333,10,1703.3333
144,2024,A_101,Lynch Hill ,3,1,0.675,190,61,18.7,4.333333333,2111.3333
145,2024,A_101,Lynch Hill ,3,1,1.35,174,41,13.66666667,7,2111.3333
146,2024,A_101,Lynch Hill ,3,1,2.025,93,39,11.83333333,5.666666667,2111.3333
147,2024,A_102,Lynch Hill ,3,1,0.85,188,42,14.3,8,3781.3333
148,2024,A_102,Lynch Hill ,3,1,1.7,226,37,18.93333333,4.666666667,3781.3333
149,2024,A_102,Lynch Hill ,3,1,2.55,97,39,11.33333333,9.666666667,3781.3333
150,2024,A_103,Lynch Hill ,3,1,1.17,183,59,20.3,9,762.3333
151,2024,A_103,Lynch Hill ,3,1,2.34,190,37,12.13333333,4.333333333,762.3333
152,2024,A_103,Lynch Hill ,3,1,3.51,91,33,12.33333333,6.333333333,762.3333
153,2024,A_104,Lynch Hill ,4,0,0.012962963,112,50,18.93333333,8.666666667,10355.3333
154,2024,A_104,Lynch Hill ,4,0,0.025925926,185,36,14.66666667,7.666666667,10355.3333
155,2024,A_104,Lynch Hill ,4,0,0.038888889,141,44,13,5,10355.3333
156,2024,A_105,Lynch Hill ,3,1,1.05,165,42,16.93333333,6.666666667,2794.3333
157,2024,A_105,Lynch Hill ,3,1,2.1,213,31,10.83333333,6.333333333,2794.3333
158,2024,A_105,Lynch Hill ,3,1,3.15,207,33,12.33333333,8,2794.3333
159,2024,A_106,Lynch Hill ,3,1,0.7,180,49,13.83333333,5.666666667,1814.3333
160,2024,A_106,Lynch Hill ,3,1,1.4,64,48,10.5,4.666666667,1814.3333
161,2024,A_106,Lynch Hill ,3,1,2.1,70,51,13.33333333,6.333333333,1814.3333
162,2024,A_107,Lynch Hill ,3,1,0.655,386,52,16.96666667,6.666666667,2668.3333
163,2024,A_107,Lynch Hill ,3,1,1.31,406,42,13.43333333,5.333333333,2668.3333
164,2024,A_107,Lynch Hill ,3,1,1.965,174,47,9,5.333333333,2668.3333
165,2024,A_108,Lynch Hill ,4,0,0.01897019,169,47,17.96666667,8,8057.3333
166,2024,A_108,Lynch Hill ,4,0,0.037940379,229,36,11.76666667,6,8057.3333
167,2024,A_108,Lynch Hill ,4,0,0.056910569,285,48,15,10.33333333,8057.3333
168,2024,A_201,Lynch Hill ,3,1,1.025,184,31,21.53333333,5.666666667,1860.3333
169,2024,A_201,Lynch Hill ,3,1,2.05,51,38,15.8,7.666666667,1860.3333
170,2024,A_201,Lynch Hill ,3,1,3.075,65,41,18.13333333,9.333333333,1860.3333
171,2024,A_202,Lynch Hill ,4,0,0.019428254,144,18,18.76666667,9,9856.3333
172,2024,A_202,Lynch Hill ,4,0,0.038856508,164,35,16.93333333,7.333333333,9856.3333
173,2024,A_202,Lynch Hill ,4,0,0.058284762,155,25,12.83333333,5,9856.3333
174,2024,A_203,Lynch Hill ,3,1,0.855,142,37,18.56666667,7,2772.3333
175,2024,A_203,Lynch Hill ,3,1,1.71,184,44,21.26666667,4.666666667,2772.3333
176,2024,A_203,Lynch Hill ,3,1,2.565,67,45,14.33333333,9,2772.3333
177,2024,A_204,Lynch Hill ,4,0,0.019395955,70,43,25.13333333,3.333333333,6499.3333
178,2024,A_204,Lynch Hill ,4,0,0.038791909,52,50,17.1,7,6499.3333
179,2024,A_204,Lynch Hill ,4,0,0.058187864,67,49,14.26666667,6.666666667,6499.3333
180,2024,A_205,Lynch Hill ,3,1,0.61,38,11,9.2,3.666666667,4325.3333
181,2024,A_205,Lynch Hill ,3,1,1.22,182,47,11.1,4.666666667,4325.3333
182,2024,A_205,Lynch Hill ,3,1,1.83,109,51,17.8,9.333333333,4325.3333
183,2024,A_206,Lynch Hill ,3,1,0.98,117,26,12.83333333,5.333333333,1411.3333
184,2024,A_206,Lynch Hill ,3,1,1.96,192,52,18.06666667,3.333333333,1411.3333
185,2024,A_206,Lynch Hill ,3,1,2.94,177,34,11.76666667,7,1411.3333
186,2024,A_207,Lynch Hill ,3,1,0.815,81,15,13.4,5.666666667,4677.3333
187,2024,A_207,Lynch Hill ,3,1,1.63,177,57,16.53333333,5.666666667,4677.3333
188,2024,A_207,Lynch Hill ,3,1,2.445,178,50,13.9,7,4677.3333
189,2024,A_208,Lynch Hill ,3,1,0.625,215,26,14.13333333,8.333333333,2554.3333
190,2024,A_208,Lynch Hill ,3,1,1.25,128,18,11.06666667,5,2554.3333
191,2024,A_208,Lynch Hill ,3,1,1.875,97,47,13.93333333,3.333333333,2554.3333
192,2024,A_301,Lynch Hill ,4,0,0.017703592,156,51,23.93333333,5,11285.3333
193,2024,A_301,Lynch Hill ,4,0,0.035407183,128,53,14.96666667,6.666666667,11285.3333
194,2024,A_301,Lynch Hill ,4,0,0.053110775,96,26,14.66666667,7.666666667,11285.3333
195,2024,A_302,Lynch Hill ,3,1,0.615,184,68,34.23333333,6,5562.3333
196,2024,A_302,Lynch Hill ,3,1,1.23,130,53,18.23333333,6,5562.3333
197,2024,A_302,Lynch Hill ,3,1,1.845,135,48,22.66666667,3.666666667,5562.3333
198,2024,A_303,Lynch Hill ,3,1,1.045,238,57,17.53333333,3.333333333,1865.3333
199,2024,A_303,Lynch Hill ,3,1,2.09,283,47,17.66666667,6,1865.3333
200,2024,A_303,Lynch Hill ,3,1,3.135,349,46,19.33333333,10,1865.3333
201,2024,A_304,Lynch Hill ,3,1,0.63,215,27,14.76666667,3.666666667,2239.3333
202,2024,A_304,Lynch Hill ,3,1,1.26,302,50,20.06666667,12.33333333,2239.3333
203,2024,A_304,Lynch Hill ,3,1,1.89,97,40,13.66666667,7.333333333,2239.3333
204,2024,A_305,Lynch Hill ,3,1,0.74,283,39,15.6,4.666666667,2173.3333
205,2024,A_305,Lynch Hill ,3,1,1.48,162,31,13.23333333,5,2173.3333
206,2024,A_305,Lynch Hill ,3,1,2.22,108,40,14.66666667,7,2173.3333
207,2024,A_306,Lynch Hill ,3,1,0.89,172,85,20.63333333,9.333333333,3874.3333
208,2024,A_306,Lynch Hill ,3,1,1.78,162,42,17.5,6.333333333,3874.3333
209,2024,A_306,Lynch Hill ,3,1,2.67,144,49,18.66666667,6,3874.3333
210,2024,A_307,Lynch Hill ,4,0,0.015280507,107,61,18.73333333,3.333333333,5667.3333
211,2024,A_307,Lynch Hill ,4,0,0.030561013,76,51,12.23333333,6.333333333,5667.3333
212,2024,A_307,Lynch Hill ,4,0,0.04584152,84,36,13.16666667,6.333333333,5667.3333
213,2024,A_308,Lynch Hill ,3,1,0.755,223,56,17.26666667,7,1920.3333
214,2024,A_308,Lynch Hill ,3,1,1.51,79,32,14.5,3.666666667,1920.3333
215,2024,A_308,Lynch Hill ,3,1,2.265,87,28,15,5.333333333,1920.3333
216,2024,A_401,Lynch Hill ,3,1,1.01,172,21,12.76666667,3,3740.3333
217,2024,A_401,Lynch Hill ,3,1,2.02,243,29,14.5,4.333333333,3740.3333
218,2024,A_401,Lynch Hill ,3,1,3.03,172,21,11.23333333,6.666666667,3740.3333
225,2024,A_404,Lynch Hill ,3,1,0.63,76,44,11.63333333,3.666666667,2173.3333
226,2024,A_404,Lynch Hill ,3,1,1.26,163,26,8.933333333,4.666666667,2173.3333
227,2024,A_404,Lynch Hill ,3,1,1.89,205,29,7.533333333,4,2173.3333
228,2024,A_405,Lynch Hill ,3,1,0.615,137,40,13.86666667,4.666666667,2888.3333
229,2024,A_405,Lynch Hill ,3,1,1.23,214,61,12.63333333,3.666666667,2888.3333
230,2024,A_405,Lynch Hill ,3,1,1.845,53,22,9.533333333,6.666666667,2888.3333
231,2024,A_406,Lynch Hill ,3,1,0.8,110,23,10.56666667,5.666666667,4917.3333
232,2024,A_406,Lynch Hill ,3,1,1.6,358,77,17.46666667,7.333333333,4917.3333
233,2024,A_406,Lynch Hill ,3,1,2.4,95,86,12.26666667,6.333333333,4917.3333
234,2024,A_407,Lynch Hill ,3,1,0.74,87,31,13.03333333,6,2497.3333
235,2024,A_407,Lynch Hill ,3,1,1.48,279,67,17,5.333333333,2497.3333
236,2024,A_407,Lynch Hill ,3,1,2.22,178,63,10.73333333,6.333333333,2497.3333
237,2024,A_408,Lynch Hill ,4,0,0.017879949,21,36,15.43333333,5.666666667,7356.3333
238,2024,A_408,Lynch Hill ,4,0,0.035759898,202,33,9.833333333,4.666666667,7356.3333
239,2024,A_408,Lynch Hill ,4,0,0.053639847,114,44,12.46666667,5.333333333,7356.3333
240,2024,A_501,Lynch Hill ,3,1,0.605,279,48,21,8,7952.3333
241,2024,A_501,Lynch Hill ,3,1,1.21,243,54,16.56666667,12,7952.3333
242,2024,A_501,Lynch Hill ,3,1,1.815,150,43,15.66666667,10.66666667,7952.3333
243,2024,A_502,Lynch Hill ,4,0,0.014492754,367,55,15.33333333,6.666666667,6503.3333
244,2024,A_502,Lynch Hill ,4,0,0.028985507,297,76,15.16666667,5.666666667,6503.3333
245,2024,A_502,Lynch Hill ,4,0,0.043478261,96,32,12.5,4.666666667,6503.3333
246,2024,A_503,Lynch Hill ,4,0,0.020097617,229,32,21.73333333,8.666666667,10040.3333
247,2024,A_503,Lynch Hill ,4,0,0.040195234,79,54,11.5,4.333333333,10040.3333
248,2024,A_503,Lynch Hill ,4,0,0.060292851,189,50,11.66666667,4.333333333,10040.3333
249,2024,A_504,Lynch Hill ,3,1,1.205,88,36,14.13333333,5.333333333,1265.3333
250,2024,A_504,Lynch Hill ,3,1,2.41,69,39,9.566666667,4.666666667,1265.3333
251,2024,A_504,Lynch Hill ,3,1,3.615,73,25,12.33333333,4.333333333,1265.3333
252,2024,A_505,Lynch Hill ,3,1,0.705,91,20,11.1,3.666666667,1403.3333
253,2024,A_505,Lynch Hill ,3,1,1.41,257,68,14.4,5.666666667,1403.3333
254,2024,A_505,Lynch Hill ,3,1,2.115,107,31,12,6.333333333,1403.3333
255,2024,A_506,Lynch Hill ,3,1,0.875,111,17,11.66666667,5.333333333,2674.3333
256,2024,A_506,Lynch Hill ,3,1,1.75,276,49,16.6,14,2674.3333
257,2024,A_506,Lynch Hill ,3,1,2.625,115,49,11,8.666666667,2674.3333
258,2024,A_507,Lynch Hill ,3,1,1.035,297,43,14.96666667,8.666666667,850.3333
259,2024,A_507,Lynch Hill ,3,1,2.07,225,36,12.76666667,5.666666667,850.3333
260,2024,A_507,Lynch Hill ,3,1,3.105,165,40,11.83333333,8.666666667,850.3333
261,2024,A_508,Lynch Hill ,3,1,0.73,253,56,14.4,7,1347.3333
262,2024,A_508,Lynch Hill ,3,1,1.46,128,19,9.3,7.333333333,1347.3333
263,2024,A_508,Lynch Hill ,3,1,2.19,153,41,16.66666667,7,1347.3333
264,2024,A_601,Lynch Hill ,3,1,1.03,60,37,22.63333333,5,2239.3333
265,2024,A_601,Lynch Hill ,3,1,2.06,189,34,9.5,6.333333333,2239.3333
266,2024,A_601,Lynch Hill ,3,1,3.09,262,39,12.66666667,7.333333333,2239.3333
267,2024,A_602,Lynch Hill ,3,1,0.885,40,29,21.96666667,4.333333333,3266.3333
268,2024,A_602,Lynch Hill ,3,1,1.77,77,56,19.56666667,2,3266.3333
269,2024,A_602,Lynch Hill ,3,1,2.655,123,33,10.9,6.666666667,3266.3333
270,2024,A_603,Lynch Hill ,3,1,1,41,23,20.83333333,5.666666667,1462.3333
271,2024,A_603,Lynch Hill ,3,1,2,134,38,17.06666667,7.666666667,1462.3333
272,2024,A_603,Lynch Hill ,3,1,3,124,27,13.2,7,1462.3333
273,2024,A_604,Lynch Hill ,4,0,0.017866259,146,30,14.5,6.333333333,6194.3333
274,2024,A_604,Lynch Hill ,4,0,0.035732517,157,50,14.7,10,6194.3333
275,2024,A_604,Lynch Hill ,4,0,0.053598776,201,41,13.73333333,8,6194.3333
276,2024,A_605,Lynch Hill ,3,1,0.68,26,54,20.23333333,9,1503.3333
277,2024,A_605,Lynch Hill ,3,1,1.36,110,39,15.53333333,7,1503.3333
278,2024,A_605,Lynch Hill ,3,1,2.04,57,27,15.66666667,4.666666667,1503.3333
279,2024,A_606,Lynch Hill ,3,1,0.82,30,50,18.86666667,11.66666667,718.3333
280,2024,A_606,Lynch Hill ,3,1,1.64,36,28,13.23333333,7,718.3333
281,2024,A_606,Lynch Hill ,3,1,2.46,76,29,14.33333333,7.666666667,718.3333
282,2024,A_607,Lynch Hill ,3,1,0.735,160,33,20.5,9.333333333,3079.3333
283,2024,A_607,Lynch Hill ,3,1,1.47,130,37,15.66666667,7,3079.3333
284,2024,A_607,Lynch Hill ,3,1,2.205,106,32,18,8.666666667,3079.3333
285,2024,A_608,Lynch Hill ,4,0,0.01694505,82,29,17.26666667,12,9692.3333
286,2024,A_608,Lynch Hill ,4,0,0.033890099,92,47,19.16666667,8,9692.3333
287,2024,A_608,Lynch Hill ,4,0,0.050835149,146,39,19.16666667,8.666666667,9692.3333
288,2024,C_101,Cherryfield,3,1,0.985,82,30,26.06666667,6.666666667,4314.3333
289,2024,C_101,Cherryfield,3,1,1.97,149,25,16.53333333,8.333333333,4314.3333
290,2024,C_101,Cherryfield,3,1,2.955,242,38,14.1,4.666666667,4314.3333
291,2024,C_102,Cherryfield,4,0,0.015959873,120,25,22.66666667,5.666666667,8440.3333
292,2024,C_102,Cherryfield,4,0,0.031919745,39,54,13.2,4.666666667,8440.3333
293,2024,C_102,Cherryfield,4,0,0.047879618,157,51,14.3,6.666666667,8440.3333
294,2024,C_103,Cherryfield,3,1,0.75,40,24,23.56666667,3.333333333,3302.3333
295,2024,C_103,Cherryfield,3,1,1.5,52,41,23.73333333,4,3302.3333
296,2024,C_103,Cherryfield,3,1,2.25,238,37,15.4,7.666666667,3302.3333
297,2024,C_104,Cherryfield,3,1,0.825,92,20,22.46666667,2,7963.3333
298,2024,C_104,Cherryfield,3,1,1.65,193,52,20.4,4.333333333,7963.3333
299,2024,C_104,Cherryfield,3,1,2.475,146,36,20.16666667,4.666666667,7963.3333
300,2024,C_105,Cherryfield,3,1,0.845,98,15,18.06666667,3,5931.3333
301,2024,C_105,Cherryfield,3,1,1.69,60,30,17.8,6.333333333,5931.3333
302,2024,C_105,Cherryfield,3,1,2.535,209,35,20.36666667,6,5931.3333
303,2024,C_106,Cherryfield,4,0,0.01314554,101,33,29.66666667,3.666666667,9130.3333
304,2024,C_106,Cherryfield,4,0,0.02629108,115,36,26.46666667,6.333333333,9130.3333
305,2024,C_106,Cherryfield,4,0,0.03943662,79,38,27.86666667,10,9130.3333
306,2024,C_107,Cherryfield,3,1,0.659,73,27,21,5.333333333,5775.3333
307,2024,C_107,Cherryfield,3,1,1.318,181,42,27.43333333,5.666666667,5775.3333
308,2024,C_107,Cherryfield,3,1,1.977,75,34,33.66666667,6.666666667,5775.3333
309,2024,C_108,Cherryfield,3,1,0.835,169,46,17.13333333,6.333333333,3983.3333
310,2024,C_108,Cherryfield,3,1,1.67,131,35,18.56666667,5.666666667,3983.3333
311,2024,C_108,Cherryfield,3,1,2.505,179,17,10.3,3.666666667,3983.3333
312,2024,C_201,Cherryfield,4,0,0.019157088,93,38,20.6,6.333333333,8646.3333
313,2024,C_201,Cherryfield,4,0,0.038314176,172,36,22.56666667,7,8646.3333
314,2024,C_201,Cherryfield,4,0,0.057471264,86,31,24.93333333,4.333333333,8646.3333
315,2024,C_202,Cherryfield,3,1,0.83,105,41,24.6,7.666666667,6408.3333
316,2024,C_202,Cherryfield,3,1,1.66,96,33,21.93333333,4,6408.3333
317,2024,C_202,Cherryfield,3,1,2.49,80,38,28.06666667,4.333333333,6408.3333
318,2024,C_203,Cherryfield,4,0,0.015381235,248,31,18.33333333,8.666666667,19995.3333
319,2024,C_203,Cherryfield,4,0,0.03076247,171,34,18,3.333333333,19995.3333
320,2024,C_203,Cherryfield,4,0,0.046143705,457,28,20.03333333,7.666666667,19995.3333
321,2024,C_204,Cherryfield,3,1,0.93,207,31,25.76666667,6,13754.3333
322,2024,C_204,Cherryfield,3,1,1.86,203,22,24.43333333,10,13754.3333
323,2024,C_204,Cherryfield,3,1,2.79,144,25,21.5,9,13754.3333
324,2024,C_205,Cherryfield,3,1,0.7125,180,28,19.56666667,9.666666667,6620.3333
325,2024,C_205,Cherryfield,3,1,1.425,141,30,20.76666667,4.666666667,6620.3333
326,2024,C_205,Cherryfield,3,1,2.1375,100,26,23,5.333333333,6620.3333
327,2024,C_206,Cherryfield,3,1,0.643,231,42,17.23333333,9.333333333,6852.3333
328,2024,C_206,Cherryfield,3,1,1.286,211,38,17.93333333,6,6852.3333
329,2024,C_206,Cherryfield,3,1,1.929,202,31,19.93333333,3.666666667,6852.3333
330,2024,C_207,Cherryfield,3,1,0.775,192,43,18.33333333,7.666666667,8310.3333
331,2024,C_207,Cherryfield,3,1,1.55,137,40,18.73333333,4.333333333,8310.3333
332,2024,C_207,Cherryfield,3,1,2.325,103,33,15.5,5.333333333,8310.3333
333,2024,C_208,Cherryfield,3,1,0.865,220,47,19.5,9.333333333,5308.3333
334,2024,C_208,Cherryfield,3,1,1.73,198,33,22.56666667,2,5308.3333
335,2024,C_208,Cherryfield,3,1,2.595,248,38,22.7,6.333333333,5308.3333
336,2024,C_301,Cherryfield,3,1,1.095,248,42,19.66666667,7.333333333,5161.3333
337,2024,C_301,Cherryfield,3,1,2.19,245,36,20.73333333,9.666666667,5161.3333
338,2024,C_301,Cherryfield,3,1,3.285,199,35,19.56666667,9.333333333,5161.3333
339,2024,C_302,Cherryfield,3,1,0.89,200,31,27.06666667,7.666666667,7870.3333
340,2024,C_302,Cherryfield,3,1,1.78,61,29,20.43333333,6,7870.3333
341,2024,C_302,Cherryfield,3,1,2.67,133,35,20,4,7870.3333
342,2024,C_303,Cherryfield,3,1,0.731,131,37,20.43333333,6,2703.3333
343,2024,C_303,Cherryfield,3,1,1.462,67,41,20.7,10,2703.3333
344,2024,C_303,Cherryfield,3,1,2.193,41,44,19,12,2703.3333
345,2024,C_304,Cherryfield,3,1,0.92,36,39,18.7,3.666666667,1966.3333
346,2024,C_304,Cherryfield,3,1,1.84,9,42,22.13333333,2,1966.3333
347,2024,C_304,Cherryfield,3,1,2.76,25,46,22.53333333,6,1966.3333
348,2024,C_305,Cherryfield,4,0,0.014665829,114,48,24.03333333,8,13135.3333
349,2024,C_305,Cherryfield,4,0,0.029331657,127,42,28.83333333,4,13135.3333
350,2024,C_305,Cherryfield,4,0,0.043997486,181,39,16.83333333,7,13135.3333
351,2024,C_306,Cherryfield,4,0,0.021745884,89,32,23.43333333,1.666666667,17699.3333
352,2024,C_306,Cherryfield,4,0,0.043491768,337,31,17,8.666666667,17699.3333
353,2024,C_306,Cherryfield,4,0,0.065237652,235,28,15.26666667,4.666666667,17699.3333
354,2024,C_307,Cherryfield,3,1,0.646,248,49,22.2,6.333333333,7412.3333
355,2024,C_307,Cherryfield,3,1,1.292,119,23,14.93333333,4.333333333,7412.3333
356,2024,C_307,Cherryfield,3,1,1.938,395,35,10.53333333,5.666666667,7412.3333
357,2024,C_308,Cherryfield,3,1,1.06,147,39,20.4,4.333333333,7190.3333
358,2024,C_308,Cherryfield,3,1,2.12,215,42,17.33333333,10,7190.3333
359,2024,C_308,Cherryfield,3,1,3.18,176,47,12.76666667,4,7190.3333
360,2024,C_401,Cherryfield,3,1,0.87,116,36,23.96666667,8,6486.3333
361,2024,C_401,Cherryfield,3,1,1.74,138,34,20.53333333,4.666666667,6486.3333
362,2024,C_401,Cherryfield,3,1,2.61,235,40,19,10.66666667,6486.3333
363,2024,C_402,Cherryfield,4,0,0.01452885,116,55,25.46666667,7.333333333,9005.3333
364,2024,C_402,Cherryfield,4,0,0.0290577,179,30,27.96666667,10,9005.3333
365,2024,C_402,Cherryfield,4,0,0.04358655,148,55,20.6,8,9005.3333
366,2024,C_403,Cherryfield,3,1,0.7,6,37,31.1,5.666666667,3993.3333
367,2024,C_403,Cherryfield,3,1,1.4,135,46,26.36666667,9.666666667,3993.3333
368,2024,C_403,Cherryfield,3,1,2.1,20,35,18.7,4.666666667,3993.3333
369,2024,C_404,Cherryfield,3,1,0.82,40,29,24.46666667,5,5576.3333
370,2024,C_404,Cherryfield,3,1,1.64,193,30,20.7,10,5576.3333
371,2024,C_404,Cherryfield,3,1,2.46,46,38,15.23333333,6.666666667,5576.3333
375,2024,C_406,Cherryfield,3,1,0.625,86,39,21.03333333,3,5977.3333
376,2024,C_406,Cherryfield,3,1,1.25,60,54,18.63333333,6.333333333,5977.3333
377,2024,C_406,Cherryfield,3,1,1.875,239,41,22.56666667,4,5977.3333
378,2024,C_407,Cherryfield,3,1,0.805,97,29,22.83333333,6.666666667,3836.3333
379,2024,C_407,Cherryfield,3,1,1.61,53,38,24.23333333,5,3836.3333
380,2024,C_407,Cherryfield,3,1,2.415,58,48,19.86666667,5.666666667,3836.3333
381,2024,C_408,Cherryfield,3,1,0.905,110,36,17.46666667,1.333333333,3035.3333
382,2024,C_408,Cherryfield,3,1,1.81,217,39,17.23333333,12.33333333,3035.3333
383,2024,C_408,Cherryfield,3,1,2.715,251,46,17.3,7.333333333,3035.3333
384,2024,C_501,Cherryfield,3,1,1.015,71,55,28.63333333,10,3160.3333
385,2024,C_501,Cherryfield,3,1,2.03,92,34,20.26666667,4.666666667,3160.3333
386,2024,C_501,Cherryfield,3,1,3.045,106,41,16.7,6.333333333,3160.3333
387,2024,C_502,Cherryfield,4,0,0.021406728,60,30,23.63333333,7.333333333,7396.3333
388,2024,C_502,Cherryfield,4,0,0.042813456,81,47,25.26666667,6.666666667,7396.3333
389,2024,C_502,Cherryfield,4,0,0.064220184,124,47,19,5,7396.3333
390,2024,C_503,Cherryfield,3,1,0.8,104,40,19.1,7.333333333,3362.3333
391,2024,C_503,Cherryfield,3,1,1.6,26,39,28.56666667,2,3362.3333
392,2024,C_503,Cherryfield,3,1,2.4,48,47,22.63333333,7.666666667,3362.3333
393,2024,C_504,Cherryfield,4,0,0.012962963,48,39,21.83333333,2.666666667,7497.3333
394,2024,C_504,Cherryfield,4,0,0.025925926,46,47,25.36666667,4.333333333,7497.3333
395,2024,C_504,Cherryfield,4,0,0.038888889,78,49,20.93333333,4,7497.3333
396,2024,C_505,Cherryfield,3,1,0.76,189,60,18.26666667,7.666666667,3475.3333
397,2024,C_505,Cherryfield,3,1,1.52,218,22,15.56666667,4.666666667,3475.3333
398,2024,C_505,Cherryfield,3,1,2.28,364,53,13.7,6.333333333,3475.3333
399,2024,C_506,Cherryfield,3,1,0.915,150,58,17.56666667,10,5218.3333
400,2024,C_506,Cherryfield,3,1,1.83,108,51,18.43333333,5.333333333,5218.3333
401,2024,C_506,Cherryfield,3,1,2.745,185,51,12.36666667,5.333333333,5218.3333
402,2024,C_507,Cherryfield,3,1,0.67,124,41,18.43333333,8.666666667,5345.3333
403,2024,C_507,Cherryfield,3,1,1.34,151,42,19.06666667,3.666666667,5345.3333
404,2024,C_507,Cherryfield,3,1,2.01,193,59,18.3,12,5345.3333
405,2024,C_508,Cherryfield,3,1,0.835,139,54,16.83333333,4,3661.3333
406,2024,C_508,Cherryfield,3,1,1.67,215,52,21.63333333,4.333333333,3661.3333
407,2024,C_508,Cherryfield,3,1,2.505,189,66,16.03333333,11,3661.3333
408,2024,C_601,Cherryfield,3,1,0.675,124,25,16.1,10.33333333,4720.3333
409,2024,C_601,Cherryfield,3,1,1.35,158,34,13.5,7.333333333,4720.3333
410,2024,C_601,Cherryfield,3,1,2.025,415,43,15.36666667,9.666666667,4720.3333
411,2024,C_602,Cherryfield,3,1,1.015,126,48,22.03333333,3.333333333,6389.3333
412,2024,C_602,Cherryfield,3,1,2.03,114,54,14.83333333,7.333333333,6389.3333
413,2024,C_602,Cherryfield,3,1,3.045,223,65,15.63333333,16.66666667,6389.3333
414,2024,C_603,Cherryfield,3,1,0.825,139,67,19.63333333,5.666666667,4939.3333
415,2024,C_603,Cherryfield,3,1,1.65,173,67,10.4,6.666666667,4939.3333
416,2024,C_603,Cherryfield,3,1,2.475,251,52,13.83333333,6.333333333,4939.3333
417,2024,C_604,Cherryfield,4,0,0.012962963,51,42,17.5,5.666666667,16470.3333
418,2024,C_604,Cherryfield,4,0,0.025925926,83,33,21.7,6.333333333,16470.3333
419,2024,C_604,Cherryfield,4,0,0.038888889,186,51,13.9,6.666666667,16470.3333
420,2024,C_605,Cherryfield,3,1,0.94,182,57,18.73333333,11,6681.3333
421,2024,C_605,Cherryfield,3,1,1.88,84,48,24.06666667,4,6681.3333
422,2024,C_605,Cherryfield,3,1,2.82,64,28,24.56666667,3.333333333,6681.3333
423,2024,C_606,Cherryfield,4,0,0.012984604,139,56,20.16666667,6.333333333,9496.3333
424,2024,C_606,Cherryfield,4,0,0.025969208,206,47,17.73333333,6.666666667,9496.3333
425,2024,C_606,Cherryfield,4,0,0.038953812,57,30,17.63333333,7.333333333,9496.3333
426,2024,C_607,Cherryfield,3,1,0.85,143,54,18.53333333,7,3182.3333
427,2024,C_607,Cherryfield,3,1,1.7,194,45,23.8,4,3182.3333
428,2024,C_607,Cherryfield,3,1,2.55,152,48,18.96666667,3.333333333,3182.3333
429,2024,C_608,Cherryfield,3,1,0.78,361,41,16.8,6.666666667,6755.3333
430,2024,C_608,Cherryfield,3,1,1.56,23,21,11.1,4.666666667,6755.3333
431,2024,C_608,Cherryfield,3,1,2.34,112,36,18.1,4,6755.3333
432,2025,B_101,BHF,2,1,0.222222222,132,35,17.53333333,9.666666667,3135.6
433,2025,B_101,BHF,2,1,0.222222222,135,29,20.13333333,7.666666667,3135.6
434,2025,B_101,BHF,2,1,0.222222222,174,39,18.4,9,3135.6
435,2025,B_102,BHF,2,1,0.263157895,138,33,19.46666667,11,2676
436,2025,B_102,BHF,2,1,0.263157895,95,61,13.9,6.666666667,2676
437,2025,B_102,BHF,2,1,0.263157895,303,40,27.73333333,8.333333333,2676
438,2025,B_103,BHF,2,1,0.322580645,159,57,22.33333333,7,1567.2
439,2025,B_103,BHF,2,1,0.322580645,8,40,20.7,10,1567.2
440,2025,B_103,BHF,2,1,0.322580645,77,30,20.5,11,1567.2
441,2025,B_104,BHF,2,1,0.291262136,97,36,20.56666667,7.666666667,3460.8
442,2025,B_104,BHF,2,1,0.291262136,350,61,17.7,9,3460.8
443,2025,B_104,BHF,2,1,0.291262136,232,67,27.4,7.666666667,3460.8
444,2025,B_201,BHF,1,1,1.428571429,216,38,19.6,9.666666667,2042.25
445,2025,B_201,BHF,1,1,1.428571429,5,51,16.33333333,9,2042.25
446,2025,B_201,BHF,1,1,1.428571429,143,43,19.5,11,2042.25
447,2025,B_202,BHF,1,1,1.304347826,126,35,18.53333333,8.333333333,1729.5
448,2025,B_202,BHF,1,1,1.304347826,77,45,20.56666667,7,1729.5
449,2025,B_202,BHF,1,1,1.304347826,193,39,15.66666667,11,1729.5
450,2025,B_203,BHF,1,1,1.363636364,233,37,17.5,11.33333333,2301.75
451,2025,B_203,BHF,1,1,1.363636364,133,36,18.03333333,9,2301.75
452,2025,B_203,BHF,1,1,1.363636364,133,37,13.13333333,7,2301.75
453,2025,B_204,BHF,1,1,1.5,167,37,16.4,6.666666667,2103.75
454,2025,B_204,BHF,1,1,1.5,105,62,21.06666667,10,2103.75
455,2025,B_204,BHF,1,1,1.5,284,45,17.96666667,9,2103.75
456,2025,M_101,MCH,5,1,0.909090909,119,26,20.66666667,9.666666667,987.6
457,2025,M_101,MCH,5,1,0.909090909,72,48,14.46666667,7,987.6
458,2025,M_101,MCH,5,1,0.909090909,99,31,17.56666667,4.333333333,987.6
459,2025,M_201,MCH,5,1,2.142857143,189,33,15.66666667,5.333333333,2215.2
460,2025,M_201,MCH,5,1,2.142857143,125,40,16.63333333,8.333333333,2215.2
461,2025,M_201,MCH,5,1,2.142857143,179,38,17.06666667,5.666666667,2215.2
462,2025,M_301,MCH,5,1,0.857142857,143,33,14.26666667,6,1947.6
463,2025,M_301,MCH,5,1,0.857142857,100,22,21.13333333,9.333333333,1947.6
464,2025,M_301,MCH,5,1,0.857142857,193,22,22.3,7,1947.6
465,2025,M_401,MCH,5,1,1.428571429,203,29,14.76666667,6,1779.6
466,2025,M_401,MCH,5,1,1.428571429,184,43,15.13333333,9,1779.6
467,2025,M_401,MCH,5,1,1.428571429,134,30,14.23333333,7,1779.6
468,2025,M_501,MCH,5,1,0.9375,283,40,14.46666667,8,1366.2
469,2025,M_501,MCH,5,1,0.9375,168,36,13.66666667,9,1366.2
470,2025,M_501,MCH,5,1,0.9375,120,20,19.4,9.333333333,1366.2
471,2025,M_601,MCH,5,1,1.875,150,42,17.83333333,15.33333333,2491.2
472,2025,M_601,MCH,5,1,1.875,130,27,13.96666667,6.666666667,2491.2
473,2025,M_601,MCH,5,1,1.875,110,42,25.06666667,9,2491.2
474,2025,M_102,MCH,5,1,1.5,145,50,16.2,7.666666667,1143
475,2025,M_102,MCH,5,1,1.5,82,35,21.36666667,3.666666667,1143
476,2025,M_102,MCH,5,1,1.5,105,42,13.43333333,4.666666667,1143
477,2025,M_202,MCH,5,1,1.428571429,191,30,18.7,4.333333333,1837.2
478,2025,M_202,MCH,5,1,1.428571429,55,37,21.1,5,1837.2
479,2025,M_202,MCH,5,1,1.428571429,81,40,13.7,4.5,1837.2
480,2025,M_302,MCH,5,1,0.9375,74,28,26.76666667,10.66666667,1404
481,2025,M_302,MCH,5,1,0.9375,167,24,34.56666667,10.66666667,1404
482,2025,M_302,MCH,5,1,0.9375,241,32,27.56666667,11,1404
483,2025,M_402,MCH,5,1,0.9375,97,22,10.3,5.333333333,1410
484,2025,M_402,MCH,5,1,0.9375,73,26,11.8,4,1410
485,2025,M_402,MCH,5,1,0.9375,375,64,24.2,9,1410
486,2025,M_502,MCH,5,1,1.875,191,40,10.33333333,7.333333333,1772.4
487,2025,M_502,MCH,5,1,1.875,186,29,18.63333333,7,1772.4
488,2025,M_502,MCH,5,1,1.875,176,41,13.56666667,7,1772.4
489,2025,M_602,MCH,5,1,0.9375,57,23,23.66666667,9,1650.6
490,2025,M_602,MCH,5,1,0.9375,87,26,25.7,8,1650.6
491,2025,M_602,MCH,5,1,0.9375,130,61,18.43333333,12,1650.6
492,2025,M_103,MCH,5,1,2,172,34,15.63333333,6.666666667,2001
493,2025,M_103,MCH,5,1,2,180,31,17.03333333,7.333333333,2001
494,2025,M_103,MCH,5,1,2,189,34,20,9,2001
495,2025,M_203,MCH,5,1,0.882352941,180,33,16.93333333,6.666666667,1809
496,2025,M_203,MCH,5,1,0.882352941,93,37,22.8,11,1809
497,2025,M_203,MCH,5,1,0.882352941,80,38,20.73333333,9.333333333,1809
498,2025,M_303,MCH,5,1,1.428571429,99,28,19,9.333333333,1798.2
499,2025,M_303,MCH,5,1,1.428571429,116,41,16.7,6.333333333,1798.2
500,2025,M_303,MCH,5,1,1.428571429,90,21,25.23333333,11.66666667,1798.2
501,2025,M_403,MCH,5,1,2.142857143,78,31,11.6,5.666666667,1455
502,2025,M_403,MCH,5,1,2.142857143,124,34,15.23333333,7.333333333,1455
503,2025,M_403,MCH,5,1,2.142857143,144,31,13.26666667,5.333333333,1455
504,2025,M_503,MCH,5,1,1.428571429,384,42,20.16666667,9.666666667,2644.2
505,2025,M_503,MCH,5,1,1.428571429,116,32,24.93333333,9.666666667,2644.2
506,2025,M_503,MCH,5,1,1.428571429,247,46,15.2,8.5,2644.2
507,2025,M_603,MCH,5,1,1.2,114,30,21.46666667,7,1362.6
508,2025,M_603,MCH,5,1,1.2,90,30,16.23333333,5.666666667,1362.6
509,2025,M_603,MCH,5,1,1.2,154,43,12.63333333,7.333333333,1362.6
510,2025,C_104,Cherryfield,2,1,0.24,195,33,29.06666667,8.666666667,11111.4
511,2025,C_104,Cherryfield,2,1,0.24,200,32,28.35,13.66666667,11111.4
512,2025,C_104,Cherryfield,2,1,0.24,76,24,32.01666667,9.666666667,11111.4
513,2025,C_204,Cherryfield,2,1,1,86,31,29.55,5.666666667,9024
514,2025,C_204,Cherryfield,2,1,1,236,38,27.38333333,5,9024
515,2025,C_204,Cherryfield,2,1,1,61,45,24.08333333,12.66666667,9024
516,2025,C_304,Cherryfield,2,1,0.545454545,193,23,28.25,11.33333333,10680.6
517,2025,C_304,Cherryfield,2,1,0.545454545,163,28,27.43333333,6,10680.6
518,2025,C_304,Cherryfield,2,1,0.545454545,116,26,30.01666667,9,10680.6
519,2025,C_404,Cherryfield,2,1,0.260869565,143,28,30.5,9.333333333,4446
520,2025,C_404,Cherryfield,2,1,0.260869565,138,32,26.85,13.33333333,4446
521,2025,C_404,Cherryfield,2,1,0.260869565,93,41,23.51666667,13.66666667,4446
522,2025,C_504,Cherryfield,2,1,0.263157895,80,35,24.63333333,10.33333333,5220
523,2025,C_504,Cherryfield,2,1,0.263157895,84,34,19.75,22.33333333,5220
524,2025,C_504,Cherryfield,2,1,0.263157895,39,28,25.21666667,11,5220
525,2025,C_604,Cherryfield,2,1,0.857142857,253,30,28.73333333,11.33333333,7096.2
526,2025,C_604,Cherryfield,2,1,0.857142857,261,34,27.26666667,17.33333333,7096.2
527,2025,C_604,Cherryfield,2,1,0.857142857,107,28,27.8,11.33333333,7096.2
528,2025,C_105,Cherryfield,2,1,0.9375,117,31,22.58333333,10,9063.6
529,2025,C_105,Cherryfield,2,1,0.9375,141,41,23.96666667,7,9063.6
530,2025,C_105,Cherryfield,2,1,0.9375,93,24,27.06666667,15.33333333,9063.6
531,2025,C_205,Cherryfield,2,1,0.27027027,192,25,26.63333333,6,11302.2
532,2025,C_205,Cherryfield,2,1,0.27027027,166,39,25.96666667,4.666666667,11302.2
533,2025,C_205,Cherryfield,2,1,0.27027027,100,42,19.41666667,18,11302.2
534,2025,C_305,Cherryfield,2,1,0.288461538,175,22,28.85,9.666666667,13191
535,2025,C_305,Cherryfield,2,1,0.288461538,129,23,26.36666667,8,13191
536,2025,C_305,Cherryfield,2,1,0.288461538,126,33,26.8,13.33333333,13191
537,2025,C_405,Cherryfield,2,1,0.857142857,140,42,29.43333333,11.33333333,6934.2
538,2025,C_405,Cherryfield,2,1,0.857142857,214,35,28.91666667,13.33333333,6934.2
539,2025,C_405,Cherryfield,2,1,0.857142857,126,43,26.83333333,18.33333333,6934.2
540,2025,C_505,Cherryfield,2,1,1.2,69,22,20.68333333,8.333333333,6573
541,2025,C_505,Cherryfield,2,1,1.2,107,39,23.71666667,7.333333333,6573
542,2025,C_505,Cherryfield,2,1,1.2,61,38,26.55,13.33333333,6573
543,2025,C_605,Cherryfield,2,1,0.315789474,225,45,24.13333333,17,12408.6
544,2025,C_605,Cherryfield,2,1,0.315789474,231,24,26.16666667,15.33333333,12408.6
545,2025,C_605,Cherryfield,2,1,0.315789474,128,44,23.48333333,16,12408.6
